gene	coefficient_index_1based	coefficient	betaNoOptim	betaUseOptim	betaForceOptim	betaSeNoOptim	betaSeUseOptim	betaSeForceOptim
MTND1P23	1	(Intercept)	40.7349801367309	11.3499827052918	11.3499827052918	0.796011141352734	0.795540103855007	0.795540103855007
IGKV1-27	1	(Intercept)	274.184883455275	6.46528848347468	6.46528848347468	0.873295476853626	0.822875632754067	0.822875632754067
LINC02172	1	(Intercept)	-8.79999904519748	0.791362045433024	0.791362045433024	1.89374191347897	1.81747743174891	1.81747743174891
CYP11B1	1	(Intercept)	-14.594144297247	4.16453625236524	4.16453625236524	0.845409462075799	0.841665594563012	0.841665594563012
ENSG00000203565	1	(Intercept)	-36.1666062445954	-0.065728256565656	-0.065728256565656	2.58043063923478	2.54429545220912	2.54429545220912
LINC02470	1	(Intercept)	9.70203302879159	2.88841921219087	2.88841921219087	1.27722570740074	1.2224120438576	1.2224120438576
ENSG00000257634	1	(Intercept)	50.9761682386556	3.91994728982991	3.91994728982991	1.34611313956014	1.21566343615794	1.21566343615794
FAM230C	1	(Intercept)	-8.87614644060608	-0.15014835795454	-0.15014835795454	1.43892264755197	1.37777210225795	1.37777210225795
LINC00370	1	(Intercept)	-13.5134095174237	0.681731117685353	0.681731117685353	0.96425101226666	0.863490194268357	0.863490194268357
ENSG00000243225	1	(Intercept)	46.7724570549458	6.98261079102003	6.98261079102003	1.09371953771671	1.04828240122517	1.04828240122517
IGHV3-48	1	(Intercept)	87.5692636439574	7.27524072504646	7.27524072504646	0.818938207273364	0.810648331688884	0.810648331688884
TBC1D3D	1	(Intercept)	53.3078243369602	6.09701798169755	6.09701798169755	1.68085287555565	1.59278673819399	1.59278673819399
IGLV5-45	1	(Intercept)	12.849908564286	4.57531124066815	4.57531124066815	1.11450330103757	1.09768927182772	1.09768927182772
IGLV1-36	1	(Intercept)	98.5800292282857	4.62007479984848	4.62007479984848	1.16570364316306	1.11725736950399	1.11725736950399
IGLV3-27	1	(Intercept)	26.7959557193429	3.68014519832901	3.68014519832901	1.31111590961228	1.28946575021595	1.28946575021595
IGLV3-9	1	(Intercept)	38.3228621922478	5.53163887356321	5.53163887356321	1.06257802913115	1.05254230736002	1.05254230736002
ENSG00000225840	1	(Intercept)	41.4108503889676	1.68311736911735	1.68311736911735	1.63171921415732	1.55631823799171	1.55631823799171
MPTX1	1	(Intercept)	-2.24349215895517	-2.24349215895517	-15.4030506244631	4.0011512632007	4.0011512632007	4.0011512632007
ENSG00000296152	1	(Intercept)	-2.24349215895517	-2.24349215895517	-15.4202677777534	4.0011512632007	4.0011512632007	4.0011512632007
ENSG00000306013	1	(Intercept)	-2.24349215895517	-2.24349215895517	-15.4586036259558	4.0011512632007	4.0011512632007	4.0011512632007
ACTR3BP4	1	(Intercept)	-2.24349215895517	-2.24349215895517	-15.5278673800423	4.0011512632007	4.0011512632007	4.0011512632007
ENSG00000299968	1	(Intercept)	-2.24349215895517	-2.24349215895517	-15.3697041666025	4.0011512632007	4.0011512632007	4.0011512632007
NECAP1P1	1	(Intercept)	-2.24349215895517	-2.24349215895517	-15.5867072419291	4.0011512632007	4.0011512632007	4.0011512632007
CDCA7P2	1	(Intercept)	-2.24349215895517	-2.24349215895517	-15.4176985585385	4.0011512632007	4.0011512632007	4.0011512632007
ENSG00000287897	1	(Intercept)	-2.24349215895517	-2.24349215895517	-15.4977624549641	4.0011512632007	4.0011512632007	4.0011512632007
ENSG00000286197	1	(Intercept)	-2.24349215895517	-2.24349215895517	-15.5499350070767	4.0011512632007	4.0011512632007	4.0011512632007
RPL9P6	1	(Intercept)	-2.24349215895517	-2.24349215895517	-15.3484876416039	4.0011512632007	4.0011512632007	4.0011512632007
ENSG00000307324	1	(Intercept)	-2.24349215895517	-2.24349215895517	-15.4257090468152	4.0011512632007	4.0011512632007	4.0011512632007
ENSG00000289561	1	(Intercept)	-2.24349215895517	-2.24349215895517	-15.3691067842659	4.0011512632007	4.0011512632007	4.0011512632007
CTBP2P9	1	(Intercept)	-2.24349215895517	-2.24349215895517	-15.4981750824098	4.0011512632007	4.0011512632007	4.0011512632007
SCARNA23	1	(Intercept)	-2.24349215895517	-2.24349215895517	-15.4689364445667	4.0011512632007	4.0011512632007	4.0011512632007
ENSG00000259983	1	(Intercept)	-2.24349215895517	-2.24349215895517	-15.4569249516233	4.0011512632007	4.0011512632007	4.0011512632007
ENSG00000305966	1	(Intercept)	-2.20886651567227	-2.20886651567227	-15.4090666576662	4.00114749486355	4.00114749486355	4.0011512632007
PPIAP86	1	(Intercept)	-2.20733949438915	-2.20733949438915	-15.0465941216524	4.00114718331206	4.00114718331206	4.0011512632007
LINC01360	1	(Intercept)	-2.20649977443902	-2.20649977443902	-14.6875047911687	4.0011512632007	4.0011512632007	4.0011512632007
ENSG00000280340	1	(Intercept)	-2.20649977443902	-2.20649977443902	-14.6661026462903	4.0011512632007	4.0011512632007	4.0011512632007
ENSG00000298016	1	(Intercept)	-2.20649977443902	-2.20649977443902	-15.161443459737	4.0011512632007	4.0011512632007	4.0011512632007
ENSG00000303225	1	(Intercept)	-2.20649977443902	-2.20649977443902	-15.0279946907947	4.0011512632007	4.0011512632007	4.0011512632007
CDC42P7	1	(Intercept)	-2.20553725837104	-2.20553725837104	-15.0775512960751	4.00114681706461	4.00114681706461	4.0011512632007
ENSG00000302934	1	(Intercept)	-2.20553725837104	-2.20553725837104	-14.249012872401	4.00114681706461	4.00114681706461	4.0011512632007
ENSG00000294615	1	(Intercept)	-2.20553725837104	-2.20553725837104	-14.6412919481749	4.00114681706461	4.00114681706461	4.0011512632007
ENSG00000293361	1	(Intercept)	-2.20553725837104	-2.20553725837104	-15.2978493974509	4.00114681706461	4.00114681706461	4.0011512632007
ENSG00000218766	1	(Intercept)	-2.20553725837104	-2.20553725837104	-15.1056615217555	4.00114681706461	4.00114681706461	4.0011512632007
ENSG00000305895	1	(Intercept)	-2.20553725837104	-2.20553725837104	-14.3420644686923	4.00114681706461	4.00114681706461	4.0011512632007
ENSG00000298560	1	(Intercept)	-2.20553725837105	-2.20553725837105	-14.214600276654	4.00114681706461	4.00114681706461	4.0011512632007
ENSG00000294405	1	(Intercept)	-2.20553725837105	-2.20553725837105	-15.1064514869262	4.00114681706461	4.00114681706461	4.0011512632007
ENSG00000255317	1	(Intercept)	-2.20553725837104	-2.20553725837104	-15.2941016833522	4.00114681706461	4.00114681706461	4.0011512632007
LINC00348	1	(Intercept)	-2.20553725837105	-2.20553725837105	-14.9342919288455	4.00114681706461	4.00114681706461	4.0011512632007
ENSG00000298943	1	(Intercept)	-2.20553725837104	-2.20553725837104	-14.7169031313441	4.00114681706461	4.00114681706461	4.0011512632007
ENSG00000307354	1	(Intercept)	-2.20553725837104	-2.20553725837104	-15.2941016833522	4.00114681706461	4.00114681706461	4.0011512632007
DKKL1P1	1	(Intercept)	-2.20553725837105	-2.20553725837105	-14.7170336496487	4.00114681706461	4.00114681706461	4.0011512632007
RPS26P59	1	(Intercept)	-2.20553725837104	-2.20553725837104	-15.4228002235297	4.00114681706461	4.00114681706461	4.0011512632007
ENSG00000293825	1	(Intercept)	-2.24349215895517	-2.24349215895517	-15.4732119812151	4.0011512632007	4.0011512632007	4.0011512632007
LINC02503	1	(Intercept)	-2.24349215895517	-2.24349215895517	-15.4767559435543	4.0011512632007	4.0011512632007	4.0011512632007
HCFC2P1	1	(Intercept)	-2.24349215895517	-2.24349215895517	-15.4760524130375	4.0011512632007	4.0011512632007	4.0011512632007
COX8CP1	1	(Intercept)	-2.16805992787381	-2.16805992787381	-15.0363888678086	4.00114466273936	4.00114466273936	4.0011512632007
ENSG00000303010	1	(Intercept)	-2.1680599278738	-2.1680599278738	-14.5013756404048	4.00114466273936	4.00114466273936	4.0011512632007
SSX13P	1	(Intercept)	-2.16805992787381	-2.16805992787381	-14.8676569724362	4.00114466273936	4.00114466273936	4.0011512632007
ENSG00000235679	1	(Intercept)	-2.24349215895517	-2.24349215895517	-15.4807911593228	4.0011512632007	4.0011512632007	4.0011512632007
ENSG00000301424	1	(Intercept)	-2.16679836884775	-2.16679836884775	-15.2607030479261	4.00113930812553	4.00113930812553	4.0011512632007
ENSG00000310316	1	(Intercept)	-2.1667958965284	-2.1667958965284	-14.337005807352	4.00113930714119	4.00113930714119	4.0011512632007
LINC01493	1	(Intercept)	-2.1680599278738	-2.1680599278738	-16.6298293745679	4.00114466273936	4.00114466273936	4.0011512632007
RNU1-33P	1	(Intercept)	-2.20649977443902	-2.20649977443902	-15.4871191811575	4.0011512632007	4.0011512632007	4.0011512632007
ENSG00000299883	1	(Intercept)	-2.1667958965284	-2.1667958965284	-16.6229927450329	4.00113930714119	4.00113930714119	4.0011512632007
ENSG00000303257	1	(Intercept)	-2.1680599278738	-2.1680599278738	-16.6264245077056	4.00114466273936	4.00114466273936	4.0011512632007
ENSG00000301330	1	(Intercept)	-2.04468567028129	-2.04468567028129	-14.242216035849	4.00109674254509	4.00109674254509	4.00108003168852
ENSG00000249901	1	(Intercept)	-2.00035584823119	-2.00035584823119	-16.1195801672616	4.00108796607202	4.00108796607202	4.00111553114447
ENSG00000305324	1	(Intercept)	-2.24301427312184	-2.24301427312184	-15.630167714886	4.00114902726328	4.00114902726328	4.0011512632007
MTND1P23	2	perm_blockmale_3	46.5448010758716	-2.69585705865781	-2.69585705865781	0.879508122074308	0.876380962499557	0.876380962499557
IGKV1-27	2	perm_blockmale_3	-311.76713394216	-0.48823073640059	-0.48823073640059	0.968208274749812	0.906301512009355	0.906301512009355
LINC02172	2	perm_blockmale_3	57.1997977106777	3.59525288275806	3.59525288275806	2.08478314221536	1.99689498479376	1.99689498479376
CYP11B1	2	perm_blockmale_3	60.8702354663965	2.99529107234474	2.99529107234474	0.934158905109026	0.925800117074684	0.925800117074684
ENSG00000203565	2	perm_blockmale_3	179.441133058565	6.23402714174792	6.23402714174792	2.8421965557581	2.79641909499479	2.79641909499479
LINC02470	2	perm_blockmale_3	31.6169297514682	2.3430366637933	2.3430366637933	1.40874748784891	1.34527560900581	1.34527560900581
ENSG00000257634	2	perm_blockmale_3	6.71079180189295	1.3072265202862	1.3072265202862	1.46455335298939	1.33850403688337	1.33850403688337
FAM230C	2	perm_blockmale_3	60.7254393314346	4.86548021660332	4.86548021660332	1.58414059649908	1.50343983158375	1.50343983158375
LINC00370	2	perm_blockmale_3	43.9939296199377	3.47547180461089	3.47547180461089	1.06154653534187	0.937082604932377	0.937082604932377
ENSG00000243225	2	perm_blockmale_3	-16.460633658543	-1.704901652511	-1.704901652511	1.22444449772268	1.16037025577653	1.16037025577653
IGHV3-48	2	perm_blockmale_3	-71.1561739996066	-1.03488551819269	-1.03488551819269	0.903418931624674	0.892954499074602	0.892954499074602
TBC1D3D	2	perm_blockmale_3	-48.5389217904051	-3.72546820836621	-3.72546820836621	1.86418632036802	1.7631595767644	1.7631595767644
IGLV5-45	2	perm_blockmale_3	44.2656333107232	0.0402549563033497	0.0402549563033497	1.2492692011715	1.2084289099953	1.2084289099953
IGLV1-36	2	perm_blockmale_3	-70.8284264573799	0.318461763001039	0.318461763001039	1.28777334735895	1.22986444936423	1.22986444936423
IGLV3-27	2	perm_blockmale_3	85.8990864896504	1.88797806613016	1.88797806613016	1.46084640976929	1.41907397810697	1.41907397810697
IGLV3-9	2	perm_blockmale_3	95.8503205088844	0.644471775131661	0.644471775131661	1.18315752961099	1.15883973759647	1.15883973759647
ENSG00000225840	2	perm_blockmale_3	1.17626131905511	0.296705723166111	0.296705723166111	1.79684396002091	1.73094957942805	1.73094957942805
MPTX1	2	perm_blockmale_3	0.0888124238190345	0.0888124238190345	11.6266854317954	4.40733317258104	4.40733317258104	4.40733317258104
ENSG00000296152	2	perm_blockmale_3	0.0888124238190377	0.0888124238190377	11.5117398694367	4.40733317258104	4.40733317258104	4.40733317258104
ENSG00000306013	2	perm_blockmale_3	0.0888124238190398	0.0888124238190398	11.6820808505	4.40733317258104	4.40733317258104	4.40733317258104
ACTR3BP4	2	perm_blockmale_3	0.0888124238190398	0.0888124238190398	11.545802023122	4.40733317258104	4.40733317258104	4.40733317258104
ENSG00000299968	2	perm_blockmale_3	0.0888124238190398	0.0888124238190398	11.5792624503588	4.40733317258104	4.40733317258104	4.40733317258104
NECAP1P1	2	perm_blockmale_3	0.0888124238190356	0.0888124238190356	11.6737056833414	4.40733317258104	4.40733317258104	4.40733317258104
CDCA7P2	2	perm_blockmale_3	0.0888124238190377	0.0888124238190377	11.7143105119643	4.40733317258104	4.40733317258104	4.40733317258104
ENSG00000287897	2	perm_blockmale_3	0.0888124238190366	0.0888124238190366	11.7220865960218	4.40733317258104	4.40733317258104	4.40733317258104
ENSG00000286197	2	perm_blockmale_3	0.0888124238190398	0.0888124238190398	12.1803766066365	4.40733317258104	4.40733317258104	4.40733317258104
RPL9P6	2	perm_blockmale_3	0.0888124238190398	0.0888124238190398	11.6450638854726	4.40733317258104	4.40733317258104	4.40733317258104
ENSG00000307324	2	perm_blockmale_3	0.0888124238190398	0.0888124238190398	11.5173111820652	4.40733317258104	4.40733317258104	4.40733317258104
ENSG00000289561	2	perm_blockmale_3	0.0888124238190398	0.0888124238190398	11.9316010295507	4.40733317258104	4.40733317258104	4.40733317258104
CTBP2P9	2	perm_blockmale_3	0.0888124238190398	0.0888124238190398	12.2968317119068	4.40733317258104	4.40733317258104	4.40733317258104
SCARNA23	2	perm_blockmale_3	0.0888124238190377	0.0888124238190377	11.678398840247	4.40733317258104	4.40733317258104	4.40733317258104
ENSG00000259983	2	perm_blockmale_3	0.0888124238190377	0.0888124238190377	12.0202631004186	4.40733317258104	4.40733317258104	4.40733317258104
ENSG00000305966	2	perm_blockmale_3	0.178836790304235	0.178836790304235	11.5486499322705	4.40731004863366	4.40731004863366	4.40733317258104
PPIAP86	2	perm_blockmale_3	0.182806943941502	0.182806943941502	11.7224309098325	4.40730813683095	4.40730813683095	4.40733317258104
LINC01360	2	perm_blockmale_3	0.0888118250017984	0.0888118250017984	11.3180364578719	4.40733317258104	4.40733317258104	4.40733317258104
ENSG00000280340	2	perm_blockmale_3	0.0888118250017984	0.0888118250017984	10.9618626746337	4.40733317258104	4.40733317258104	4.40733317258104
ENSG00000298016	2	perm_blockmale_3	0.0888118250018006	0.0888118250018006	11.1792612816485	4.40733317258104	4.40733317258104	4.40733317258104
ENSG00000303225	2	perm_blockmale_3	0.0888118250017963	0.0888118250017963	11.1144141751757	4.40733317258104	4.40733317258104	4.40733317258104
CDC42P7	2	perm_blockmale_3	0.187492637560563	0.187492637560563	12.3832604619269	4.40730588939141	4.40730588939141	4.40733317258104
ENSG00000302934	2	perm_blockmale_3	0.187492637560563	0.187492637560563	11.9407223465224	4.40730588939141	4.40730588939141	4.40733317258104
ENSG00000294615	2	perm_blockmale_3	0.187492637560563	0.187492637560563	12.1740880757542	4.40730588939141	4.40730588939141	4.40733317258104
ENSG00000293361	2	perm_blockmale_3	0.187492637560563	0.187492637560563	12.5102704108892	4.40730588939141	4.40730588939141	4.40733317258104
ENSG00000218766	2	perm_blockmale_3	0.187492637560563	0.187492637560563	12.1839793539275	4.40730588939141	4.40730588939141	4.40733317258104
ENSG00000305895	2	perm_blockmale_3	0.187492637560563	0.187492637560563	12.1870400624069	4.40730588939141	4.40730588939141	4.40733317258104
ENSG00000298560	2	perm_blockmale_3	0.187492637560564	0.187492637560564	11.8799289713646	4.40730588939141	4.40730588939141	4.40733317258104
ENSG00000294405	2	perm_blockmale_3	0.187492637560564	0.187492637560564	12.1091766107624	4.40730588939141	4.40730588939141	4.40733317258104
ENSG00000255317	2	perm_blockmale_3	0.187492637560563	0.187492637560563	12.5217611425376	4.40730588939141	4.40730588939141	4.40733317258104
LINC00348	2	perm_blockmale_3	0.187492637560564	0.187492637560564	11.9376698925451	4.40730588939141	4.40730588939141	4.40733317258104
ENSG00000298943	2	perm_blockmale_3	0.187492637560562	0.187492637560562	12.3097532418375	4.40730588939141	4.40730588939141	4.40733317258104
ENSG00000307354	2	perm_blockmale_3	0.187492637560563	0.187492637560563	12.5217611425376	4.40730588939141	4.40730588939141	4.40733317258104
DKKL1P1	2	perm_blockmale_3	0.187492637560564	0.187492637560564	12.1715615837466	4.40730588939141	4.40730588939141	4.40733317258104
RPS26P59	2	perm_blockmale_3	0.187492637560563	0.187492637560563	12.6502325128737	4.40730588939141	4.40730588939141	4.40733317258104
ENSG00000293825	2	perm_blockmale_3	0.0888124238190377	0.0888124238190377	11.6829352822286	4.40733317258104	4.40733317258104	4.40733317258104
LINC02503	2	perm_blockmale_3	0.0888124238190377	0.0888124238190377	11.7007387774905	4.40733317258104	4.40733317258104	4.40733317258104
HCFC2P1	2	perm_blockmale_3	0.0888124238190377	0.0888124238190377	11.6858832053983	4.40733317258104	4.40733317258104	4.40733317258104
COX8CP1	2	perm_blockmale_3	0.188752865996988	0.188752865996988	12.0671314208382	4.40729266957888	4.40729266957888	4.40733317258104
ENSG00000303010	2	perm_blockmale_3	0.188752865996987	0.188752865996987	11.2033706368763	4.40729266957888	4.40729266957888	4.40733317258104
SSX13P	2	perm_blockmale_3	0.188752865996988	0.188752865996988	11.8701816138575	4.40729266957888	4.40729266957888	4.40733317258104
ENSG00000235679	2	perm_blockmale_3	0.0888124238190398	0.0888124238190398	11.5723224489825	4.40733317258104	4.40733317258104	4.40733317258104
ENSG00000301424	2	perm_blockmale_3	0.28821117033067	0.28821117033067	12.6400832921027	4.40725981135804	4.40725981135804	4.40733317258104
ENSG00000310316	2	perm_blockmale_3	0.288217598196304	0.288217598196304	11.9935418373873	4.40725980531763	4.40725980531763	4.40733317258104
LINC01493	2	perm_blockmale_3	0.188752865996987	0.188752865996987	12.9553805737219	4.40729266957888	4.40729266957888	4.40733317258104
RNU1-33P	2	perm_blockmale_3	0.0888118250017984	0.0888118250017984	11.3448133155765	4.40733317258104	4.40733317258104	4.40733317258104
ENSG00000299883	2	perm_blockmale_3	0.288217598196302	0.288217598196302	14.3102471126818	4.40725980531763	4.40725980531763	4.40733317258104
ENSG00000303257	2	perm_blockmale_3	0.188752865996987	0.188752865996987	13.5874726320837	4.40729266957888	4.40729266957888	4.40733317258104
ENSG00000301330	2	perm_blockmale_3	0.605696053959441	0.605696053959441	12.92636771886	4.40699860344008	4.40699860344008	4.40689605213411
ENSG00000249901	2	perm_blockmale_3	0.624772304060823	0.624772304060823	14.4729896831065	4.40694474416053	4.40694474416053	4.40711390311498
ENSG00000305324	2	perm_blockmale_3	0.186233230043868	0.186233230043868	12.8566654075198	4.40731945203215	4.40731945203215	4.40733317258104
MTND1P23	3	perm_blockmale_4	19.038102770673	1.72768729766415	1.72768729766415	0.85511078680941	0.855158411753127	0.855158411753127
IGKV1-27	3	perm_blockmale_4	-278.212740600095	-1.47158737632624	-1.47158737632624	0.956493067439976	0.88487310787996	0.88487310787996
LINC02172	3	perm_blockmale_4	13.0953477183697	1.76505615423508	1.76505615423508	2.03552774640755	1.9521435647285	1.9521435647285
CYP11B1	3	perm_blockmale_4	2.23569039601321	1.54806571753671	1.54806571753671	0.908232564677491	0.903962607885916	0.903962607885916
ENSG00000203565	3	perm_blockmale_4	58.5247592048922	4.3299572453731	4.3299572453731	2.77379853839252	2.73148950168822	2.73148950168822
LINC02470	3	perm_blockmale_4	44.6777337015995	2.26615113779548	2.26615113779548	1.38156151986836	1.31330555594531	1.31330555594531
ENSG00000257634	3	perm_blockmale_4	-16.9118403397028	-0.121413525055518	-0.121413525055518	1.43598486553667	1.30771286405548	1.30771286405548
FAM230C	3	perm_blockmale_4	3.95346170086662	1.53025500587875	1.53025500587875	1.54368915469409	1.47912150746967	1.47912150746967
LINC00370	3	perm_blockmale_4	-0.910862391954795	1.17535683963271	1.17535683963271	1.02511318516509	0.922777405251155	0.922777405251155
ENSG00000243225	3	perm_blockmale_4	-1.92487661982417	-0.707497736773714	-0.707497736773714	1.18470420300255	1.12870657072472	1.12870657072472
IGHV3-48	3	perm_blockmale_4	-84.624558664303	-1.81840760336122	-1.81840760336122	0.882726736530124	0.871689006746089	0.871689006746089
TBC1D3D	3	perm_blockmale_4	-20.1279309287986	-0.260972973712255	-0.260972973712255	1.80695931010603	1.7110936680616	1.7110936680616
IGLV5-45	3	perm_blockmale_4	4.34873074215871	-1.64048020082943	-1.64048020082943	1.20436497695262	1.18112851938833	1.18112851938833
IGLV1-36	3	perm_blockmale_4	-66.7325458155799	-1.73206302714665	-1.73206302714665	1.27787511093129	1.20233253107956	1.20233253107956
IGLV3-27	3	perm_blockmale_4	13.9087384223221	-0.122587976997804	-0.122587976997804	1.41306411723605	1.386033381786	1.386033381786
IGLV3-9	3	perm_blockmale_4	6.99972161142596	-1.78943653235195	-1.78943653235195	1.14728667719568	1.1321466621332	1.1321466621332
ENSG00000225840	3	perm_blockmale_4	91.5279677418124	3.69982153172278	3.69982153172278	1.75369797109796	1.67520006377684	1.67520006377684
MPTX1	3	perm_blockmale_4	0.200869209696318	0.200869209696318	12.2947943635572	4.30111648044566	4.30111648044566	4.30111648044566
ENSG00000296152	3	perm_blockmale_4	0.200869209696322	0.200869209696322	12.2918975216442	4.30111648044566	4.30111648044566	4.30111648044566
ENSG00000306013	3	perm_blockmale_4	0.200869209696324	0.200869209696324	12.5667090565647	4.30111648044566	4.30111648044566	4.30111648044566
ACTR3BP4	3	perm_blockmale_4	0.200869209696324	0.200869209696324	12.6478008376001	4.30111648044566	4.30111648044566	4.30111648044566
ENSG00000299968	3	perm_blockmale_4	0.200869209696324	0.200869209696324	12.218152719818	4.30111648044566	4.30111648044566	4.30111648044566
NECAP1P1	3	perm_blockmale_4	0.20086920969632	0.20086920969632	12.4978701673435	4.30111648044566	4.30111648044566	4.30111648044566
CDCA7P2	3	perm_blockmale_4	0.200869209696322	0.200869209696322	12.4910246668343	4.30111648044566	4.30111648044566	4.30111648044566
ENSG00000287897	3	perm_blockmale_4	0.20086920969632	0.20086920969632	12.5345187056808	4.30111648044566	4.30111648044566	4.30111648044566
ENSG00000286197	3	perm_blockmale_4	0.200869209696324	0.200869209696324	12.4742862472241	4.30111648044566	4.30111648044566	4.30111648044566
RPL9P6	3	perm_blockmale_4	0.200869209696324	0.200869209696324	12.1964886212511	4.30111648044566	4.30111648044566	4.30111648044566
ENSG00000307324	3	perm_blockmale_4	0.200869209696324	0.200869209696324	12.3054081918236	4.30111648044566	4.30111648044566	4.30111648044566
ENSG00000289561	3	perm_blockmale_4	0.200869209696324	0.200869209696324	12.4423128762914	4.30111648044566	4.30111648044566	4.30111648044566
CTBP2P9	3	perm_blockmale_4	0.200869209696324	0.200869209696324	12.4733335181491	4.30111648044566	4.30111648044566	4.30111648044566
SCARNA23	3	perm_blockmale_4	0.200869209696322	0.200869209696322	12.542165443649	4.30111648044566	4.30111648044566	4.30111648044566
ENSG00000259983	3	perm_blockmale_4	0.200869209696322	0.200869209696322	12.2172293750536	4.30111648044566	4.30111648044566	4.30111648044566
ENSG00000305966	3	perm_blockmale_4	0.200868441009318	0.200868441009318	12.5816969983039	4.30111648044565	4.30111648044565	4.30111648044566
PPIAP86	3	perm_blockmale_4	0.200868407109545	0.200868407109545	12.1712346217659	4.30111648044566	4.30111648044566	4.30111648044566
LINC01360	3	perm_blockmale_4	0.281017964660407	0.281017964660407	12.1117087360304	4.30111648044566	4.30111648044566	4.30111648044566
ENSG00000280340	3	perm_blockmale_4	0.281017964660407	0.281017964660407	11.9094035283447	4.30111648044566	4.30111648044566	4.30111648044566
ENSG00000298016	3	perm_blockmale_4	0.281017964660409	0.281017964660409	12.3823078491132	4.30111648044566	4.30111648044566	4.30111648044566
ENSG00000303225	3	perm_blockmale_4	0.281017964660405	0.281017964660405	12.2714198093507	4.30111648044566	4.30111648044566	4.30111648044566
CDC42P7	3	perm_blockmale_4	0.200868367100024	0.200868367100024	12.0019652044272	4.30111648044565	4.30111648044565	4.30111648044566
ENSG00000302934	3	perm_blockmale_4	0.200868367100024	0.200868367100024	10.91039876782	4.30111648044565	4.30111648044565	4.30111648044566
ENSG00000294615	3	perm_blockmale_4	0.200868367100024	0.200868367100024	11.4576099797861	4.30111648044565	4.30111648044565	4.30111648044566
ENSG00000293361	3	perm_blockmale_4	0.200868367100024	0.200868367100024	12.222445867321	4.30111648044565	4.30111648044565	4.30111648044566
ENSG00000218766	3	perm_blockmale_4	0.200868367100024	0.200868367100024	12.2256770219597	4.30111648044565	4.30111648044565	4.30111648044566
ENSG00000305895	3	perm_blockmale_4	0.200868367100024	0.200868367100024	10.9841719246332	4.30111648044565	4.30111648044565	4.30111648044566
ENSG00000298560	3	perm_blockmale_4	0.200868367100025	0.200868367100025	10.8563404730452	4.30111648044565	4.30111648044565	4.30111648044566
ENSG00000294405	3	perm_blockmale_4	0.200868367100025	0.200868367100025	12.2264871569523	4.30111648044565	4.30111648044565	4.30111648044566
ENSG00000255317	3	perm_blockmale_4	0.200868367100024	0.200868367100024	12.205925738226	4.30111648044565	4.30111648044565	4.30111648044566
LINC00348	3	perm_blockmale_4	0.200868367100025	0.200868367100025	12.106233787184	4.30111648044565	4.30111648044565	4.30111648044566
ENSG00000298943	3	perm_blockmale_4	0.200868367100023	0.200868367100023	11.6090009848518	4.30111648044565	4.30111648044565	4.30111648044566
ENSG00000307354	3	perm_blockmale_4	0.200868367100024	0.200868367100024	12.205925738226	4.30111648044565	4.30111648044565	4.30111648044566
DKKL1P1	3	perm_blockmale_4	0.200868367100025	0.200868367100025	11.6799872835601	4.30111648044565	4.30111648044565	4.30111648044566
RPS26P59	3	perm_blockmale_4	0.200868367100024	0.200868367100024	12.0973696998349	4.30111648044565	4.30111648044565	4.30111648044566
ENSG00000293825	3	perm_blockmale_4	0.200869209696322	0.200869209696322	12.3910476421154	4.30111648044566	4.30111648044566	4.30111648044566
LINC02503	3	perm_blockmale_4	0.200869209696322	0.200869209696322	12.4008606240974	4.30111648044566	4.30111648044566	4.30111648044566
HCFC2P1	3	perm_blockmale_4	0.200869209696322	0.200869209696322	12.4001624821064	4.30111648044566	4.30111648044566	4.30111648044566
COX8CP1	3	perm_blockmale_4	0.28101711129834	0.28101711129834	12.2690370711006	4.30111648044565	4.30111648044565	4.30111648044566
ENSG00000303010	3	perm_blockmale_4	0.281017111298339	0.281017111298339	11.9689899113963	4.30111648044565	4.30111648044565	4.30111648044566
SSX13P	3	perm_blockmale_4	0.28101711129834	0.28101711129834	12.1938076293895	4.30111648044565	4.30111648044565	4.30111648044566
ENSG00000235679	3	perm_blockmale_4	0.200869209696324	0.200869209696324	12.3922593984162	4.30111648044566	4.30111648044566	4.30111648044566
ENSG00000301424	3	perm_blockmale_4	0.200867507099225	0.200867507099225	12.0364749160992	4.30111648044564	4.30111648044564	4.30111648044566
ENSG00000310316	3	perm_blockmale_4	0.200867507044336	0.200867507044336	11.010832543867	4.30111648044564	4.30111648044564	4.30111648044566
LINC01493	3	perm_blockmale_4	0.281017111298339	0.281017111298339	14.1358032671921	4.30111648044565	4.30111648044565	4.30111648044566
RNU1-33P	3	perm_blockmale_4	0.281017964660407	0.281017964660407	12.7306052919925	4.30111648044566	4.30111648044566	4.30111648044566
ENSG00000299883	3	perm_blockmale_4	0.200867507044335	0.200867507044335	13.534721680019	4.30111648044564	4.30111648044564	4.30111648044566
ENSG00000303257	3	perm_blockmale_4	0.281017111298339	0.281017111298339	14.1786781091183	4.30111648044565	4.30111648044565	4.30111648044566
ENSG00000301330	3	perm_blockmale_4	0.200864796205342	0.200864796205342	10.9031514635084	4.30111648044558	4.30111648044558	4.30111648044556
ENSG00000249901	3	perm_blockmale_4	0.281013388278795	0.281013388278795	13.3636461448503	4.30111648044557	4.30111648044557	4.30111648044561
ENSG00000305324	3	perm_blockmale_4	0.120719622894699	0.120719622894699	11.557158721951	4.30111648044566	4.30111648044566	4.30111648044566
MTND1P23	4	conditionB	-35.7076212164851	-0.236803559302145	-0.236803559302145	0.583859684199773	0.581044709354954	0.581044709354954
IGKV1-27	4	conditionB	145.346571556912	1.18465362167469	1.18465362167469	0.62415481165495	0.601618612299369	0.601618612299369
LINC02172	4	conditionB	23.6201411436761	-0.261838126481593	-0.261838126481593	1.38206020508391	1.31305600125878	1.31305600125878
CYP11B1	4	conditionB	40.5452052677933	1.22864081412251	1.22864081412251	0.619349273811027	0.612548952558028	0.612548952558028
ENSG00000203565	4	conditionB	73.1790416672797	-0.612348630549491	-0.612348630549491	1.88409534388854	1.83381428492184	1.83381428492184
LINC02470	4	conditionB	-6.57394109527895	-0.383325995799965	-0.383325995799965	0.942854245994265	0.887669201642777	0.887669201642777
ENSG00000257634	4	conditionB	-31.7566223540107	-0.587044350374152	-0.587044350374152	0.949221446433944	0.887348200517855	0.887348200517855
FAM230C	4	conditionB	17.1525272967177	-0.456830077505527	-0.456830077505527	1.04374533396817	0.968409734863166	0.968409734863166
LINC00370	4	conditionB	33.7720505971186	0.632410626501125	0.632410626501125	0.658470849724774	0.606309298624401	0.606309298624401
ENSG00000243225	4	conditionB	-26.3567704939461	-4.17995306763414	-4.17995306763414	0.784918414116636	0.771653412920875	0.771653412920875
IGHV3-48	4	conditionB	18.4386931207116	1.04319126042295	1.04319126042295	0.593779297068069	0.592662284666947	0.592662284666947
TBC1D3D	4	conditionB	7.72939866879391	-2.23044532826881	-2.23044532826881	1.2286089310722	1.17122014472706	1.17122014472706
IGLV5-45	4	conditionB	-13.3014322437906	1.15668211339499	1.15668211339499	0.857667467838268	0.803517373368309	0.803517373368309
IGLV1-36	4	conditionB	44.6852544494286	0.990118183584405	0.990118183584405	0.85065578610444	0.817847253789089	0.817847253789089
IGLV3-27	4	conditionB	-40.6355602911526	1.4529178652644	1.4529178652644	0.992779198606238	0.940985636732675	0.940985636732675
IGLV3-9	4	conditionB	-60.2994594862652	1.44739830692767	1.44739830692767	0.804193503120968	0.769658572136884	0.769658572136884
ENSG00000225840	4	conditionB	-83.9023924324273	-2.99846620098255	-2.99846620098255	1.19028880677854	1.12667579688208	1.12667579688208
MPTX1	4	conditionB	-0.44106061842166	-0.44106061842166	-30	2.92211693557731	2.92211693557731	2.92211693557731
ENSG00000296152	4	conditionB	-0.441060618421659	-0.441060618421659	-30	2.92211693557731	2.92211693557731	2.92211693557731
ENSG00000306013	4	conditionB	-0.441060618421659	-0.441060618421659	-30	2.92211693557731	2.92211693557731	2.92211693557731
ACTR3BP4	4	conditionB	-0.441060618421659	-0.441060618421659	-30	2.92211693557731	2.92211693557731	2.92211693557731
ENSG00000299968	4	conditionB	-0.441060618421659	-0.441060618421659	-30	2.92211693557731	2.92211693557731	2.92211693557731
NECAP1P1	4	conditionB	-0.44106061842166	-0.44106061842166	-30	2.92211693557731	2.92211693557731	2.92211693557731
CDCA7P2	4	conditionB	-0.441060618421659	-0.441060618421659	-30	2.92211693557731	2.92211693557731	2.92211693557731
ENSG00000287897	4	conditionB	-0.441060618421659	-0.441060618421659	-30	2.92211693557731	2.92211693557731	2.92211693557731
ENSG00000286197	4	conditionB	-0.441060618421659	-0.441060618421659	-30	2.92211693557731	2.92211693557731	2.92211693557731
RPL9P6	4	conditionB	-0.441060618421659	-0.441060618421659	-30	2.92211693557731	2.92211693557731	2.92211693557731
ENSG00000307324	4	conditionB	-0.441060618421659	-0.441060618421659	-30	2.92211693557731	2.92211693557731	2.92211693557731
ENSG00000289561	4	conditionB	-0.441060618421659	-0.441060618421659	-30	2.92211693557731	2.92211693557731	2.92211693557731
CTBP2P9	4	conditionB	-0.441060618421659	-0.441060618421659	-30	2.92211693557731	2.92211693557731	2.92211693557731
SCARNA23	4	conditionB	-0.441060618421659	-0.441060618421659	-30	2.92211693557731	2.92211693557731	2.92211693557731
ENSG00000259983	4	conditionB	-0.441060618421659	-0.441060618421659	-29.9573925462988	2.92211693557731	2.92211693557731	2.92211693557731
ENSG00000305966	4	conditionB	-0.510310367606342	-0.510310367606342	-30	2.92209629794428	2.92209629794428	2.92211693557731
PPIAP86	4	conditionB	-0.513364342372725	-0.513364342372725	-30	2.92209459169919	2.92209459169919	2.92211693557731
LINC01360	4	conditionB	-0.515044189812841	-0.515044189812841	-30	2.92211693557731	2.92211693557731	2.92211693557731
ENSG00000280340	4	conditionB	-0.515044189812841	-0.515044189812841	-30	2.92211693557731	2.92211693557731	2.92211693557731
ENSG00000298016	4	conditionB	-0.51504418981284	-0.51504418981284	-30	2.92211693557731	2.92211693557731	2.92211693557731
ENSG00000303225	4	conditionB	-0.515044189812842	-0.515044189812842	-30	2.92211693557731	2.92211693557731	2.92211693557731
CDC42P7	4	conditionB	-0.51696873438952	-0.51696873438952	-30	2.92209258590473	2.92209258590473	2.92211693557731
ENSG00000302934	4	conditionB	-0.51696873438952	-0.51696873438952	-30	2.92209258590473	2.92209258590473	2.92211693557731
ENSG00000294615	4	conditionB	-0.51696873438952	-0.51696873438952	-30	2.92209258590473	2.92209258590473	2.92211693557731
ENSG00000293361	4	conditionB	-0.51696873438952	-0.51696873438952	-30	2.92209258590473	2.92209258590473	2.92211693557731
ENSG00000218766	4	conditionB	-0.51696873438952	-0.51696873438952	-30	2.92209258590473	2.92209258590473	2.92211693557731
ENSG00000305895	4	conditionB	-0.51696873438952	-0.51696873438952	-30	2.92209258590473	2.92209258590473	2.92211693557731
ENSG00000298560	4	conditionB	-0.51696873438952	-0.51696873438952	-30	2.92209258590473	2.92209258590473	2.92211693557731
ENSG00000294405	4	conditionB	-0.51696873438952	-0.51696873438952	-30	2.92209258590473	2.92209258590473	2.92211693557731
ENSG00000255317	4	conditionB	-0.51696873438952	-0.51696873438952	-30	2.92209258590473	2.92209258590473	2.92211693557731
LINC00348	4	conditionB	-0.51696873438952	-0.51696873438952	-30	2.92209258590473	2.92209258590473	2.92211693557731
ENSG00000298943	4	conditionB	-0.51696873438952	-0.51696873438952	-30	2.92209258590473	2.92209258590473	2.92211693557731
ENSG00000307354	4	conditionB	-0.51696873438952	-0.51696873438952	-30	2.92209258590473	2.92209258590473	2.92211693557731
DKKL1P1	4	conditionB	-0.51696873438952	-0.51696873438952	-30	2.92209258590473	2.92209258590473	2.92211693557731
RPS26P59	4	conditionB	-0.51696873438952	-0.51696873438952	-30	2.92209258590473	2.92209258590473	2.92211693557731
ENSG00000293825	4	conditionB	-0.441060618421659	-0.441060618421659	-29.9210743084545	2.92211693557731	2.92211693557731	2.92211693557731
LINC02503	4	conditionB	-0.441060618421659	-0.441060618421659	-29.9122665530555	2.92211693557731	2.92211693557731	2.92211693557731
HCFC2P1	4	conditionB	-0.441060618421659	-0.441060618421659	-29.9107559159432	2.92211693557731	2.92211693557731	2.92211693557731
COX8CP1	4	conditionB	-0.591922176211236	-0.591922176211236	-30	2.92208078748149	2.92208078748149	2.92211693557731
ENSG00000303010	4	conditionB	-0.591922176211236	-0.591922176211236	-30	2.92208078748149	2.92208078748149	2.92211693557731
SSX13P	4	conditionB	-0.591922176211236	-0.591922176211236	-30	2.92208078748149	2.92208078748149	2.92211693557731
ENSG00000235679	4	conditionB	-0.441060618421659	-0.441060618421659	-29.849058781223	2.92211693557731	2.92211693557731	2.92211693557731
ENSG00000301424	4	conditionB	-0.594444793426559	-0.594444793426559	-30	2.92205146211118	2.92205146211118	2.92211693557731
ENSG00000310316	4	conditionB	-0.594449737955474	-0.594449737955474	-30	2.92205145672022	2.92205145672022	2.92211693557731
LINC01493	4	conditionB	-0.591922176211236	-0.591922176211236	-29.9872876169033	2.92208078748149	2.92208078748149	2.92211693557731
RNU1-33P	4	conditionB	-0.515044189812841	-0.515044189812841	-29.9096221317492	2.92211693557731	2.92211693557731	2.92211693557731
ENSG00000299883	4	conditionB	-0.594449737955474	-0.594449737955474	-29.9750466940121	2.92205145672022	2.92205145672022	2.92211693557731
ENSG00000303257	4	conditionB	-0.591922176211236	-0.591922176211236	-29.9695233382759	2.92208078748149	2.92208078748149	2.92211693557731
ENSG00000301330	4	conditionB	-0.838664768746642	-0.838664768746642	-30	2.92181833605689	2.92181833605689	2.92172680849889
ENSG00000249901	4	conditionB	-0.927322889422943	-0.927322889422943	-29.9859308293136	2.92177026647007	2.92177026647007	2.92192124071804
ENSG00000305324	4	conditionB	-0.442015924046677	-0.442015924046677	-28.3270779568443	2.92210469028269	2.92210469028269	2.92211693557731
